{
  "status": "OK",
  "data": {
    "name": "Danylo",
    "year": 2007,
    "month": 5,
    "day": 20,
    "hour": 12,
    "minute": 3,
    "city": "London",
    "nation": "GB",
    "lng": 0,
    "lat": 51.4825766,
    "tz_str": "Europe/London",
    "zodiac_type": "Tropic",
    "sidereal_mode": null,
    "houses_system_identifier": "P",
    "houses_system_name": "Placidus",
    "perspective_type": "Apparent Geocentric",
    "iso_formatted_local_datetime": "2007-05-20T12:03:00+01:00",
    "iso_formatted_utc_datetime": "2007-05-20T11:03:00+00:00",
    "julian_day": 2454240.9604166667,
    "utc_time": 11.05,
    "local_time": 12.05,
    "sun": {
      "name": "Sun",
      "quality": "Fixed",
      "element": "Earth",
      "sign": "Tau",
      "sign_num": 1,
      "position": 29.070795463353683,
      "abs_pos": 59.07079546335368,
      "emoji": "♉️",
      "point_type": "Planet",
      "house": "Tenth_House",
      "retrograde": false
    },
    "moon": {
      "name": "Moon",
      "quality": "Cardinal",
      "element": "Water",
      "sign": "Can",
      "sign_num": 3,
      "position": 18.283370295756825,
      "abs_pos": 108.28337029575682,
      "emoji": "♋️",
      "point_type": "Planet",
      "house": "Eleventh_House",
      "retrograde": false
    },
    "mercury": {
      "name": "Mercury",
      "quality": "Mutable",
      "element": "Air",
      "sign": "Gem",
      "sign_num": 2,
      "position": 17.364938290806975,
      "abs_pos": 77.36493829080698,
      "emoji": "♊️",
      "point_type": "Planet",
      "house": "Tenth_House",
      "retrograde": false
    },
    "venus": {
      "name": "Venus",
      "quality": "Cardinal",
      "element": "Water",
      "sign": "Can",
      "sign_num": 3,
      "position": 13.248663959012418,
      "abs_pos": 103.24866395901242,
      "emoji": "♋️",
      "point_type": "Planet",
      "house": "Eleventh_House",
      "retrograde": false
    },
    "mars": {
      "name": "Mars",
      "quality": "Cardinal",
      "element": "Fire",
      "sign": "Ari",
      "sign_num": 0,
      "position": 3.691776731379741,
      "abs_pos": 3.691776731379741,
      "emoji": "♈️",
      "point_type": "Planet",
      "house": "Eighth_House",
      "retrograde": false
    },
    "jupiter": {
      "name": "Jupiter",
      "quality": "Mutable",
      "element": "Fire",
      "sign": "Sag",
      "sign_num": 8,
      "position": 16.944596395135363,
      "abs_pos": 256.94459639513536,
      "emoji": "♐️",
      "point_type": "Planet",
      "house": "Fourth_House",
      "retrograde": true
    },
    "saturn": {
      "name": "Saturn",
      "quality": "Fixed",
      "element": "Fire",
      "sign": "Leo",
      "sign_num": 4,
      "position": 18.974850282396602,
      "abs_pos": 138.9748502823966,
      "emoji": "♌️",
      "point_type": "Planet",
      "house": "Twelfth_House",
      "retrograde": false
    },
    "uranus": {
      "name": "Uranus",
      "quality": "Mutable",
      "element": "Water",
      "sign": "Pis",
      "sign_num": 11,
      "position": 18.22530769489896,
      "abs_pos": 348.22530769489896,
      "emoji": "♓️",
      "point_type": "Planet",
      "house": "Eighth_House",
      "retrograde": false
    },
    "neptune": {
      "name": "Neptune",
      "quality": "Fixed",
      "element": "Air",
      "sign": "Aqu",
      "sign_num": 10,
      "position": 22.028260589396325,
      "abs_pos": 322.0282605893963,
      "emoji": "♒️",
      "point_type": "Planet",
      "house": "Sixth_House",
      "retrograde": false
    },
    "pluto": {
      "name": "Pluto",
      "quality": "Mutable",
      "element": "Fire",
      "sign": "Sag",
      "sign_num": 8,
      "position": 28.37584798411831,
      "abs_pos": 268.3758479841183,
      "emoji": "♐️",
      "point_type": "Planet",
      "house": "Fifth_House",
      "retrograde": true
    },
    "ascendant": {
      "name": "Ascendant",
      "quality": "Fixed",
      "element": "Fire",
      "sign": "Leo",
      "sign_num": 4,
      "position": 27.318019824124548,
      "abs_pos": 147.31801982412455,
      "emoji": "♌️",
      "point_type": "AxialCusps",
      "house": "First_House",
      "retrograde": false
    },
    "descendant": {
      "name": "Descendant",
      "quality": "Fixed",
      "element": "Air",
      "sign": "Aqu",
      "sign_num": 10,
      "position": 27.318019824124576,
      "abs_pos": 327.3180198241246,
      "emoji": "♒️",
      "point_type": "AxialCusps",
      "house": "Seventh_House",
      "retrograde": false
    },
    "medium_coeli": {
      "name": "Medium_Coeli",
      "quality": "Fixed",
      "element": "Earth",
      "sign": "Tau",
      "sign_num": 1,
      "position": 15.944632728510491,
      "abs_pos": 45.94463272851049,
      "emoji": "♉️",
      "point_type": "AxialCusps",
      "house": "Tenth_House",
      "retrograde": false
    },
    "imum_coeli": {
      "name": "Imum_Coeli",
      "quality": "Fixed",
      "element": "Water",
      "sign": "Sco",
      "sign_num": 7,
      "position": 15.944632728510499,
      "abs_pos": 225.9446327285105,
      "emoji": "♏️",
      "point_type": "AxialCusps",
      "house": "Fourth_House",
      "retrograde": false
    },
    "chiron": {
      "name": "Chiron",
      "quality": "Fixed",
      "element": "Air",
      "sign": "Aqu",
      "sign_num": 10,
      "position": 15.689142785712193,
      "abs_pos": 315.6891427857122,
      "emoji": "♒️",
      "point_type": "Planet",
      "house": "Sixth_House",
      "retrograde": false
    },
    "mean_lilith": {
      "name": "Mean_Lilith",
      "quality": "Cardinal",
      "element": "Air",
      "sign": "Lib",
      "sign_num": 6,
      "position": 23.579134576020778,
      "abs_pos": 203.57913457602078,
      "emoji": "♎️",
      "point_type": "Planet",
      "house": "Third_House",
      "retrograde": false
    },
    "first_house": {
      "name": "First_House",
      "quality": "Fixed",
      "element": "Fire",
      "sign": "Leo",
      "sign_num": 4,
      "position": 27.318019824124548,
      "abs_pos": 147.31801982412455,
      "emoji": "♌️",
      "point_type": "House",
      "house": null,
      "retrograde": null
    },
    "second_house": {
      "name": "Second_House",
      "quality": "Mutable",
      "element": "Earth",
      "sign": "Vir",
      "sign_num": 5,
      "position": 16.807520907688428,
      "abs_pos": 166.80752090768843,
      "emoji": "♍️",
      "point_type": "House",
      "house": null,
      "retrograde": null
    },
    "third_house": {
      "name": "Third_House",
      "quality": "Cardinal",
      "element": "Air",
      "sign": "Lib",
      "sign_num": 6,
      "position": 12.411152229715753,
      "abs_pos": 192.41115222971575,
      "emoji": "♎️",
      "point_type": "House",
      "house": null,
      "retrograde": null
    },
    "fourth_house": {
      "name": "Fourth_House",
      "quality": "Fixed",
      "element": "Water",
      "sign": "Sco",
      "sign_num": 7,
      "position": 15.944632728510499,
      "abs_pos": 225.9446327285105,
      "emoji": "♏️",
      "point_type": "House",
      "house": null,
      "retrograde": null
    },
    "fifth_house": {
      "name": "Fifth_House",
      "quality": "Mutable",
      "element": "Fire",
      "sign": "Sag",
      "sign_num": 8,
      "position": 24.87954851970585,
      "abs_pos": 264.87954851970585,
      "emoji": "♐️",
      "point_type": "House",
      "house": null,
      "retrograde": null
    },
    "sixth_house": {
      "name": "Sixth_House",
      "quality": "Cardinal",
      "element": "Earth",
      "sign": "Cap",
      "sign_num": 9,
      "position": 29.684356044365927,
      "abs_pos": 299.6843560443659,
      "emoji": "♑️",
      "point_type": "House",
      "house": null,
      "retrograde": null
    },
    "seventh_house": {
      "name": "Seventh_House",
      "quality": "Fixed",
      "element": "Air",
      "sign": "Aqu",
      "sign_num": 10,
      "position": 27.318019824124576,
      "abs_pos": 327.3180198241246,
      "emoji": "♒️",
      "point_type": "House",
      "house": null,
      "retrograde": null
    },
    "eighth_house": {
      "name": "Eighth_House",
      "quality": "Mutable",
      "element": "Water",
      "sign": "Pis",
      "sign_num": 11,
      "position": 16.8075209076884,
      "abs_pos": 346.8075209076884,
      "emoji": "♓️",
      "point_type": "House",
      "house": null,
      "retrograde": null
    },
    "ninth_house": {
      "name": "Ninth_House",
      "quality": "Cardinal",
      "element": "Fire",
      "sign": "Ari",
      "sign_num": 0,
      "position": 12.411152229715753,
      "abs_pos": 12.411152229715753,
      "emoji": "♈️",
      "point_type": "House",
      "house": null,
      "retrograde": null
    },
    "tenth_house": {
      "name": "Tenth_House",
      "quality": "Fixed",
      "element": "Earth",
      "sign": "Tau",
      "sign_num": 1,
      "position": 15.944632728510491,
      "abs_pos": 45.94463272851049,
      "emoji": "♉️",
      "point_type": "House",
      "house": null,
      "retrograde": null
    },
    "eleventh_house": {
      "name": "Eleventh_House",
      "quality": "Mutable",
      "element": "Air",
      "sign": "Gem",
      "sign_num": 2,
      "position": 24.87954851970585,
      "abs_pos": 84.87954851970585,
      "emoji": "♊️",
      "point_type": "House",
      "house": null,
      "retrograde": null
    },
    "twelfth_house": {
      "name": "Twelfth_House",
      "quality": "Cardinal",
      "element": "Water",
      "sign": "Can",
      "sign_num": 3,
      "position": 29.684356044365956,
      "abs_pos": 119.68435604436596,
      "emoji": "♋️",
      "point_type": "House",
      "house": null,
      "retrograde": null
    },
    "mean_node": {
      "name": "Mean_Node",
      "quality": "Mutable",
      "element": "Water",
      "sign": "Pis",
      "sign_num": 11,
      "position": 12.284513500625565,
      "abs_pos": 342.28451350062556,
      "emoji": "♓️",
      "point_type": "Planet",
      "house": "Seventh_House",
      "retrograde": true
    },
    "true_node": {
      "name": "True_Node",
      "quality": "Mutable",
      "element": "Water",
      "sign": "Pis",
      "sign_num": 11,
      "position": 12.745600220707786,
      "abs_pos": 342.7456002207078,
      "emoji": "♓️",
      "point_type": "Planet",
      "house": "Seventh_House",
      "retrograde": true
    },
    "mean_south_node": {
      "name": "Mean_South_Node",
      "quality": "Mutable",
      "element": "Earth",
      "sign": "Vir",
      "sign_num": 5,
      "position": 12.284513500625508,
      "abs_pos": 162.2845135006255,
      "emoji": "♍️",
      "point_type": "Planet",
      "house": "First_House",
      "retrograde": true
    },
    "true_south_node": {
      "name": "True_South_Node",
      "quality": "Mutable",
      "element": "Earth",
      "sign": "Vir",
      "sign_num": 5,
      "position": 12.745600220707729,
      "abs_pos": 162.74560022070773,
      "emoji": "♍️",
      "point_type": "Planet",
      "house": "First_House",
      "retrograde": true
    },
    "planets_names_list": [
      "Sun",
      "Moon",
      "Mercury",
      "Venus",
      "Mars",
      "Jupiter",
      "Saturn",
      "Uranus",
      "Neptune",
      "Pluto",
      "Mean_Node",
      "True_Node",
      "Mean_South_Node",
      "True_South_Node",
      "Chiron",
      "Mean_Lilith"
    ],
    "axial_cusps_names_list": [
      "Ascendant",
      "Descendant",
      "Medium_Coeli",
      "Imum_Coeli"
    ],
    "houses_names_list": [
      "First_House",
      "Second_House",
      "Third_House",
      "Fourth_House",
      "Fifth_House",
      "Sixth_House",
      "Seventh_House",
      "Eighth_House",
      "Ninth_House",
      "Tenth_House",
      "Eleventh_House",
      "Twelfth_House"
    ],
    "lunar_phase": {
      "degrees_between_s_m": 49.21257483240314,
      "moon_phase": 4,
      "sun_phase": 3,
      "moon_emoji": "🌒",
      "moon_phase_name": "Waxing Crescent"
    }
  },
  "aspects": [
    {
      "p1_name": "Sun",
      "p1_abs_pos": 59.07079546335368,
      "p2_name": "Mars",
      "p2_abs_pos": 3.691776731379741,
      "aspect": "sextile",
      "orbit": -4.620981268026057,
      "aspect_degrees": 60,
      "diff": 55.37901873197394,
      "p1": 0,
      "p2": 4
    },
    {
      "p1_name": "Moon",
      "p1_abs_pos": 108.28337029575682,
      "p2_name": "Venus",
      "p2_abs_pos": 103.24866395901242,
      "aspect": "conjunction",
      "orbit": 5.0347063367444065,
      "aspect_degrees": 0,
      "diff": 5.0347063367444065,
      "p1": 1,
      "p2": 3
    },
    {
      "p1_name": "Moon",
      "p1_abs_pos": 108.28337029575682,
      "p2_name": "Uranus",
      "p2_abs_pos": 348.22530769489896,
      "aspect": "trine",
      "orbit": 0.058062600857851976,
      "aspect_degrees": 120,
      "diff": 239.94193739914215,
      "p1": 1,
      "p2": 7
    },
    {
      "p1_name": "Moon",
      "p1_abs_pos": 108.28337029575682,
      "p2_name": "Mean_Node",
      "p2_abs_pos": 342.28451350062556,
      "aspect": "trine",
      "orbit": 5.998856795131246,
      "aspect_degrees": 120,
      "diff": 234.00114320486875,
      "p1": 1,
      "p2": 10
    },
    {
      "p1_name": "Moon",
      "p1_abs_pos": 108.28337029575682,
      "p2_name": "Mean_Lilith",
      "p2_abs_pos": 203.57913457602078,
      "aspect": "square",
      "orbit": 5.295764280263938,
      "aspect_degrees": 90,
      "diff": 95.29576428026395,
      "p1": 1,
      "p2": 17
    },
    {
      "p1_name": "Moon",
      "p1_abs_pos": 108.28337029575682,
      "p2_name": "Mean_South_Node",
      "p2_abs_pos": 162.2845135006255,
      "aspect": "sextile",
      "orbit": -5.998856795131303,
      "aspect_degrees": 60,
      "diff": 54.00114320486868,
      "p1": 1,
      "p2": 18
    },
    {
      "p1_name": "Mercury",
      "p1_abs_pos": 77.36493829080698,
      "p2_name": "Mars",
      "p2_abs_pos": 3.691776731379741,
      "aspect": "quintile",
      "orbit": 1.6731615594272284,
      "aspect_degrees": 72,
      "diff": 73.67316155942723,
      "p1": 2,
      "p2": 4
    },
    {
      "p1_name": "Mercury",
      "p1_abs_pos": 77.36493829080698,
      "p2_name": "Jupiter",
      "p2_abs_pos": 256.94459639513536,
      "aspect": "opposition",
      "orbit": -0.42034189567161206,
      "aspect_degrees": 180,
      "diff": 179.5796581043284,
      "p1": 2,
      "p2": 5
    },
    {
      "p1_name": "Mercury",
      "p1_abs_pos": 77.36493829080698,
      "p2_name": "Saturn",
      "p2_abs_pos": 138.9748502823966,
      "aspect": "sextile",
      "orbit": 1.6099119915896267,
      "aspect_degrees": 60,
      "diff": 61.60991199158963,
      "p1": 2,
      "p2": 6
    },
    {
      "p1_name": "Mercury",
      "p1_abs_pos": 77.36493829080698,
      "p2_name": "Uranus",
      "p2_abs_pos": 348.22530769489896,
      "aspect": "square",
      "orbit": -0.8603694040920118,
      "aspect_degrees": 90,
      "diff": 270.860369404092,
      "p1": 2,
      "p2": 7
    },
    {
      "p1_name": "Mercury",
      "p1_abs_pos": 77.36493829080698,
      "p2_name": "Neptune",
      "p2_abs_pos": 322.0282605893963,
      "aspect": "trine",
      "orbit": -4.66332229858935,
      "aspect_degrees": 120,
      "diff": 244.66332229858935,
      "p1": 2,
      "p2": 8
    },
    {
      "p1_name": "Mercury",
      "p1_abs_pos": 77.36493829080698,
      "p2_name": "Mean_Node",
      "p2_abs_pos": 342.28451350062556,
      "aspect": "square",
      "orbit": 5.080424790181382,
      "aspect_degrees": 90,
      "diff": 264.9195752098186,
      "p1": 2,
      "p2": 10
    },
    {
      "p1_name": "Mercury",
      "p1_abs_pos": 77.36493829080698,
      "p2_name": "Chiron",
      "p2_abs_pos": 315.6891427857122,
      "aspect": "trine",
      "orbit": 1.6757955050947828,
      "aspect_degrees": 120,
      "diff": 238.32420449490522,
      "p1": 2,
      "p2": 12
    },
    {
      "p1_name": "Mercury",
      "p1_abs_pos": 77.36493829080698,
      "p2_name": "Mean_Lilith",
      "p2_abs_pos": 203.57913457602078,
      "aspect": "trine",
      "orbit": 6.214196285213802,
      "aspect_degrees": 120,
      "diff": 126.2141962852138,
      "p1": 2,
      "p2": 17
    },
    {
      "p1_name": "Venus",
      "p1_abs_pos": 103.24866395901242,
      "p2_name": "Uranus",
      "p2_abs_pos": 348.22530769489896,
      "aspect": "trine",
      "orbit": -4.97664373588654,
      "aspect_degrees": 120,
      "diff": 244.97664373588654,
      "p1": 3,
      "p2": 7
    },
    {
      "p1_name": "Venus",
      "p1_abs_pos": 103.24866395901242,
      "p2_name": "Mean_Node",
      "p2_abs_pos": 342.28451350062556,
      "aspect": "trine",
      "orbit": 0.9641504583868539,
      "aspect_degrees": 120,
      "diff": 239.03584954161315,
      "p1": 3,
      "p2": 10
    },
    {
      "p1_name": "Venus",
      "p1_abs_pos": 103.24866395901242,
      "p2_name": "Mean_South_Node",
      "p2_abs_pos": 162.2845135006255,
      "aspect": "sextile",
      "orbit": -0.9641504583869391,
      "aspect_degrees": 60,
      "diff": 59.03584954161309,
      "p1": 3,
      "p2": 18
    },
    {
      "p1_name": "Mars",
      "p1_abs_pos": 3.691776731379741,
      "p2_name": "Pluto",
      "p2_abs_pos": 268.3758479841183,
      "aspect": "square",
      "orbit": 5.31592874726141,
      "aspect_degrees": 90,
      "diff": 264.6840712527386,
      "p1": 4,
      "p2": 9
    },
    {
      "p1_name": "Jupiter",
      "p1_abs_pos": 256.94459639513536,
      "p2_name": "Saturn",
      "p2_abs_pos": 138.9748502823966,
      "aspect": "trine",
      "orbit": -2.030253887261239,
      "aspect_degrees": 120,
      "diff": 117.96974611273876,
      "p1": 5,
      "p2": 6
    },
    {
      "p1_name": "Jupiter",
      "p1_abs_pos": 256.94459639513536,
      "p2_name": "Uranus",
      "p2_abs_pos": 348.22530769489896,
      "aspect": "square",
      "orbit": 1.2807112997635954,
      "aspect_degrees": 90,
      "diff": 91.2807112997636,
      "p1": 5,
      "p2": 7
    },
    {
      "p1_name": "Jupiter",
      "p1_abs_pos": 256.94459639513536,
      "p2_name": "Neptune",
      "p2_abs_pos": 322.0282605893963,
      "aspect": "sextile",
      "orbit": 5.083664194260962,
      "aspect_degrees": 60,
      "diff": 65.08366419426096,
      "p1": 5,
      "p2": 8
    },
    {
      "p1_name": "Jupiter",
      "p1_abs_pos": 256.94459639513536,
      "p2_name": "Mean_Node",
      "p2_abs_pos": 342.28451350062556,
      "aspect": "square",
      "orbit": -4.660082894509799,
      "aspect_degrees": 90,
      "diff": 85.3399171054902,
      "p1": 5,
      "p2": 10
    },
    {
      "p1_name": "Jupiter",
      "p1_abs_pos": 256.94459639513536,
      "p2_name": "Chiron",
      "p2_abs_pos": 315.6891427857122,
      "aspect": "sextile",
      "orbit": -1.2554536094231707,
      "aspect_degrees": 60,
      "diff": 58.74454639057683,
      "p1": 5,
      "p2": 12
    },
    {
      "p1_name": "Jupiter",
      "p1_abs_pos": 256.94459639513536,
      "p2_name": "Mean_South_Node",
      "p2_abs_pos": 162.2845135006255,
      "aspect": "square",
      "orbit": 4.660082894509856,
      "aspect_degrees": 90,
      "diff": 94.66008289450986,
      "p1": 5,
      "p2": 18
    },
    {
      "p1_name": "Saturn",
      "p1_abs_pos": 138.9748502823966,
      "p2_name": "Neptune",
      "p2_abs_pos": 322.0282605893963,
      "aspect": "opposition",
      "orbit": -3.053410306999723,
      "aspect_degrees": 180,
      "diff": 183.05341030699972,
      "p1": 6,
      "p2": 8
    },
    {
      "p1_name": "Saturn",
      "p1_abs_pos": 138.9748502823966,
      "p2_name": "Chiron",
      "p2_abs_pos": 315.6891427857122,
      "aspect": "opposition",
      "orbit": -3.2857074966844095,
      "aspect_degrees": 180,
      "diff": 176.7142925033156,
      "p1": 6,
      "p2": 12
    },
    {
      "p1_name": "Saturn",
      "p1_abs_pos": 138.9748502823966,
      "p2_name": "Mean_Lilith",
      "p2_abs_pos": 203.57913457602078,
      "aspect": "sextile",
      "orbit": 4.6042842936241755,
      "aspect_degrees": 60,
      "diff": 64.60428429362418,
      "p1": 6,
      "p2": 17
    },
    {
      "p1_name": "Uranus",
      "p1_abs_pos": 348.22530769489896,
      "p2_name": "Mean_Node",
      "p2_abs_pos": 342.28451350062556,
      "aspect": "conjunction",
      "orbit": 5.940794194273394,
      "aspect_degrees": 0,
      "diff": 5.940794194273394,
      "p1": 7,
      "p2": 10
    },
    {
      "p1_name": "Uranus",
      "p1_abs_pos": 348.22530769489896,
      "p2_name": "Mean_South_Node",
      "p2_abs_pos": 162.2845135006255,
      "aspect": "opposition",
      "orbit": -5.940794194273451,
      "aspect_degrees": 180,
      "diff": 185.94079419427345,
      "p1": 7,
      "p2": 18
    },
    {
      "p1_name": "Neptune",
      "p1_abs_pos": 322.0282605893963,
      "p2_name": "Chiron",
      "p2_abs_pos": 315.6891427857122,
      "aspect": "conjunction",
      "orbit": 6.3391178036841325,
      "aspect_degrees": 0,
      "diff": 6.3391178036841325,
      "p1": 8,
      "p2": 12
    },
    {
      "p1_name": "Neptune",
      "p1_abs_pos": 322.0282605893963,
      "p2_name": "Mean_Lilith",
      "p2_abs_pos": 203.57913457602078,
      "aspect": "trine",
      "orbit": -1.5508739866244525,
      "aspect_degrees": 120,
      "diff": 118.44912601337555,
      "p1": 8,
      "p2": 17
    },
    {
      "p1_name": "Pluto",
      "p1_abs_pos": 268.3758479841183,
      "p2_name": "Mean_Node",
      "p2_abs_pos": 342.28451350062556,
      "aspect": "quintile",
      "orbit": 1.9086655165072557,
      "aspect_degrees": 72,
      "diff": 73.90866551650726,
      "p1": 9,
      "p2": 10
    },
    {
      "p1_name": "Pluto",
      "p1_abs_pos": 268.3758479841183,
      "p2_name": "Mean_Lilith",
      "p2_abs_pos": 203.57913457602078,
      "aspect": "sextile",
      "orbit": 4.796713408097531,
      "aspect_degrees": 60,
      "diff": 64.79671340809753,
      "p1": 9,
      "p2": 17
    },
    {
      "p1_name": "Chiron",
      "p1_abs_pos": 315.6891427857122,
      "p2_name": "Medium_Coeli",
      "p2_abs_pos": 45.94463272851049,
      "aspect": "square",
      "orbit": 0.25548994279830595,
      "aspect_degrees": 90,
      "diff": 269.7445100572017,
      "p1": 12,
      "p2": 14
    },
    {
      "p1_name": "Chiron",
      "p1_abs_pos": 315.6891427857122,
      "p2_name": "Mean_Lilith",
      "p2_abs_pos": 203.57913457602078,
      "aspect": "trine",
      "orbit": -7.889991790308585,
      "aspect_degrees": 120,
      "diff": 112.11000820969142,
      "p1": 12,
      "p2": 17
    }
  ]
}