{
  "status": "OK",
  "aspects": [
    {
      "p1_name": "Sun",
      "p1_abs_pos": 59.07079546335368,
      "p2_name": "Moon",
      "p2_abs_pos": 181.20335012042474,
      "aspect": "trine",
      "orbit": 2.1325546570710685,
      "aspect_degrees": 120,
      "diff": 122.13255465707107,
      "p1": 0,
      "p2": 1
    },
    {
      "p1_name": "Sun",
      "p1_abs_pos": 59.07079546335368,
      "p2_name": "Uranus",
      "p2_abs_pos": 347.82216203679917,
      "aspect": "quintile",
      "orbit": -0.7513665734454662,
      "aspect_degrees": 72,
      "diff": 288.75136657344547,
      "p1": 0,
      "p2": 7
    },
    {
      "p1_name": "Sun",
      "p1_abs_pos": 59.07079546335368,
      "p2_name": "Mean_Node",
      "p2_abs_pos": 327.51426553773126,
      "aspect": "square",
      "orbit": 1.556529925622442,
      "aspect_degrees": 90,
      "diff": 268.44347007437756,
      "p1": 0,
      "p2": 10
    },
    {
      "p1_name": "Sun",
      "p1_abs_pos": 59.07079546335368,
      "p2_name": "Mean_Lilith",
      "p2_abs_pos": 234.76136872146395,
      "aspect": "opposition",
      "orbit": -4.309426741889723,
      "aspect_degrees": 180,
      "diff": 175.69057325811028,
      "p1": 0,
      "p2": 17
    },
    {
      "p1_name": "Sun",
      "p1_abs_pos": 59.07079546335368,
      "p2_name": "Mean_South_Node",
      "p2_abs_pos": 147.51426553773126,
      "aspect": "square",
      "orbit": -1.5565299256223852,
      "aspect_degrees": 90,
      "diff": 88.44347007437759,
      "p1": 0,
      "p2": 18
    },
    {
      "p1_name": "Moon",
      "p1_abs_pos": 108.28337029575682,
      "p2_name": "Moon",
      "p2_abs_pos": 181.20335012042474,
      "aspect": "quintile",
      "orbit": 0.9199798246679052,
      "aspect_degrees": 72,
      "diff": 72.91997982466792,
      "p1": 1,
      "p2": 1
    },
    {
      "p1_name": "Moon",
      "p1_abs_pos": 108.28337029575682,
      "p2_name": "Jupiter",
      "p2_abs_pos": 284.40572564363083,
      "aspect": "opposition",
      "orbit": -3.87764465212598,
      "aspect_degrees": 180,
      "diff": 176.12235534787402,
      "p1": 1,
      "p2": 5
    },
    {
      "p1_name": "Moon",
      "p1_abs_pos": 108.28337029575682,
      "p2_name": "Uranus",
      "p2_abs_pos": 347.82216203679917,
      "aspect": "trine",
      "orbit": 0.4612082589576403,
      "aspect_degrees": 120,
      "diff": 239.53879174104236,
      "p1": 1,
      "p2": 7
    },
    {
      "p1_name": "Moon",
      "p1_abs_pos": 108.28337029575682,
      "p2_name": "Mean_Lilith",
      "p2_abs_pos": 234.76136872146395,
      "aspect": "trine",
      "orbit": 6.477998425707142,
      "aspect_degrees": 120,
      "diff": 126.47799842570713,
      "p1": 1,
      "p2": 17
    },
    {
      "p1_name": "Mercury",
      "p1_abs_pos": 77.36493829080698,
      "p2_name": "Mercury",
      "p2_abs_pos": 309.3026671956585,
      "aspect": "trine",
      "orbit": 8.062271095148475,
      "aspect_degrees": 120,
      "diff": 231.93772890485153,
      "p1": 2,
      "p2": 2
    },
    {
      "p1_name": "Mercury",
      "p1_abs_pos": 77.36493829080698,
      "p2_name": "Mars",
      "p2_abs_pos": 87.17795376701147,
      "aspect": "conjunction",
      "orbit": 9.813015476204498,
      "aspect_degrees": 0,
      "diff": 9.813015476204498,
      "p1": 2,
      "p2": 4
    },
    {
      "p1_name": "Mercury",
      "p1_abs_pos": 77.36493829080698,
      "p2_name": "Uranus",
      "p2_abs_pos": 347.82216203679917,
      "aspect": "square",
      "orbit": -0.4572237459922235,
      "aspect_degrees": 90,
      "diff": 270.4572237459922,
      "p1": 2,
      "p2": 7
    },
    {
      "p1_name": "Mercury",
      "p1_abs_pos": 77.36493829080698,
      "p2_name": "Neptune",
      "p2_abs_pos": 322.1828024013488,
      "aspect": "trine",
      "orbit": -4.817864110541819,
      "aspect_degrees": 120,
      "diff": 244.81786411054182,
      "p1": 2,
      "p2": 8
    },
    {
      "p1_name": "Mercury",
      "p1_abs_pos": 77.36493829080698,
      "p2_name": "Chiron",
      "p2_abs_pos": 317.17659613305227,
      "aspect": "trine",
      "orbit": 0.18834215775470398,
      "aspect_degrees": 120,
      "diff": 239.8116578422453,
      "p1": 2,
      "p2": 12
    },
    {
      "p1_name": "Venus",
      "p1_abs_pos": 103.24866395901242,
      "p2_name": "Jupiter",
      "p2_abs_pos": 284.40572564363083,
      "aspect": "opposition",
      "orbit": -1.1570616846184123,
      "aspect_degrees": 180,
      "diff": 181.1570616846184,
      "p1": 3,
      "p2": 5
    },
    {
      "p1_name": "Venus",
      "p1_abs_pos": 103.24866395901242,
      "p2_name": "Uranus",
      "p2_abs_pos": 347.82216203679917,
      "aspect": "trine",
      "orbit": -4.573498077786752,
      "aspect_degrees": 120,
      "diff": 244.57349807778675,
      "p1": 3,
      "p2": 7
    },
    {
      "p1_name": "Mars",
      "p1_abs_pos": 3.691776731379741,
      "p2_name": "Moon",
      "p2_abs_pos": 181.20335012042474,
      "aspect": "opposition",
      "orbit": -2.4884266109550026,
      "aspect_degrees": 180,
      "diff": 177.511573389045,
      "p1": 4,
      "p2": 1
    },
    {
      "p1_name": "Mars",
      "p1_abs_pos": 3.691776731379741,
      "p2_name": "Mercury",
      "p2_abs_pos": 309.3026671956585,
      "aspect": "sextile",
      "orbit": -5.610890464278782,
      "aspect_degrees": 60,
      "diff": 305.6108904642788,
      "p1": 4,
      "p2": 2
    },
    {
      "p1_name": "Mars",
      "p1_abs_pos": 3.691776731379741,
      "p2_name": "Venus",
      "p2_abs_pos": 307.0851559693991,
      "aspect": "sextile",
      "orbit": -3.3933792380194063,
      "aspect_degrees": 60,
      "diff": 303.3933792380194,
      "p1": 4,
      "p2": 3
    },
    {
      "p1_name": "Mars",
      "p1_abs_pos": 3.691776731379741,
      "p2_name": "Pluto",
      "p2_abs_pos": 270.74407068828526,
      "aspect": "square",
      "orbit": 2.947706043094456,
      "aspect_degrees": 90,
      "diff": 267.05229395690554,
      "p1": 4,
      "p2": 9
    },
    {
      "p1_name": "Mars",
      "p1_abs_pos": 3.691776731379741,
      "p2_name": "Ascendant",
      "p2_abs_pos": 64.24121315424419,
      "aspect": "sextile",
      "orbit": 0.5494364228644599,
      "aspect_degrees": 60,
      "diff": 60.54943642286445,
      "p1": 4,
      "p2": 13
    },
    {
      "p1_name": "Mars",
      "p1_abs_pos": 3.691776731379741,
      "p2_name": "Mean_Lilith",
      "p2_abs_pos": 234.76136872146395,
      "aspect": "trine",
      "orbit": 8.930408009915794,
      "aspect_degrees": 120,
      "diff": 231.0695919900842,
      "p1": 4,
      "p2": 17
    },
    {
      "p1_name": "Jupiter",
      "p1_abs_pos": 256.94459639513536,
      "p2_name": "Uranus",
      "p2_abs_pos": 347.82216203679917,
      "aspect": "square",
      "orbit": 0.8775656416638071,
      "aspect_degrees": 90,
      "diff": 90.87756564166381,
      "p1": 5,
      "p2": 7
    },
    {
      "p1_name": "Jupiter",
      "p1_abs_pos": 256.94459639513536,
      "p2_name": "Neptune",
      "p2_abs_pos": 322.1828024013488,
      "aspect": "sextile",
      "orbit": 5.2382060062134315,
      "aspect_degrees": 60,
      "diff": 65.23820600621343,
      "p1": 5,
      "p2": 8
    },
    {
      "p1_name": "Jupiter",
      "p1_abs_pos": 256.94459639513536,
      "p2_name": "Chiron",
      "p2_abs_pos": 317.17659613305227,
      "aspect": "sextile",
      "orbit": 0.2319997379169081,
      "aspect_degrees": 60,
      "diff": 60.23199973791691,
      "p1": 5,
      "p2": 12
    },
    {
      "p1_name": "Saturn",
      "p1_abs_pos": 138.9748502823966,
      "p2_name": "Mercury",
      "p2_abs_pos": 309.3026671956585,
      "aspect": "opposition",
      "orbit": -9.672183086738102,
      "aspect_degrees": 180,
      "diff": 170.3278169132619,
      "p1": 6,
      "p2": 2
    },
    {
      "p1_name": "Saturn",
      "p1_abs_pos": 138.9748502823966,
      "p2_name": "Neptune",
      "p2_abs_pos": 322.1828024013488,
      "aspect": "opposition",
      "orbit": -3.2079521189521927,
      "aspect_degrees": 180,
      "diff": 183.2079521189522,
      "p1": 6,
      "p2": 8
    },
    {
      "p1_name": "Saturn",
      "p1_abs_pos": 138.9748502823966,
      "p2_name": "Mean_Node",
      "p2_abs_pos": 327.51426553773126,
      "aspect": "opposition",
      "orbit": -8.53941525533466,
      "aspect_degrees": 180,
      "diff": 188.53941525533466,
      "p1": 6,
      "p2": 10
    },
    {
      "p1_name": "Saturn",
      "p1_abs_pos": 138.9748502823966,
      "p2_name": "Chiron",
      "p2_abs_pos": 317.17659613305227,
      "aspect": "opposition",
      "orbit": -1.7982541493443307,
      "aspect_degrees": 180,
      "diff": 178.20174585065567,
      "p1": 6,
      "p2": 12
    },
    {
      "p1_name": "Saturn",
      "p1_abs_pos": 138.9748502823966,
      "p2_name": "Mean_Lilith",
      "p2_abs_pos": 234.76136872146395,
      "aspect": "square",
      "orbit": 5.786518439067322,
      "aspect_degrees": 90,
      "diff": 95.78651843906735,
      "p1": 6,
      "p2": 17
    },
    {
      "p1_name": "Saturn",
      "p1_abs_pos": 138.9748502823966,
      "p2_name": "Mean_South_Node",
      "p2_abs_pos": 147.51426553773126,
      "aspect": "conjunction",
      "orbit": 8.539415255334688,
      "aspect_degrees": 0,
      "diff": 8.53941525533466,
      "p1": 6,
      "p2": 18
    },
    {
      "p1_name": "Uranus",
      "p1_abs_pos": 348.22530769489896,
      "p2_name": "Jupiter",
      "p2_abs_pos": 284.40572564363083,
      "aspect": "sextile",
      "orbit": 3.819582051268128,
      "aspect_degrees": 60,
      "diff": 63.81958205126813,
      "p1": 7,
      "p2": 5
    },
    {
      "p1_name": "Uranus",
      "p1_abs_pos": 348.22530769489896,
      "p2_name": "Uranus",
      "p2_abs_pos": 347.82216203679917,
      "aspect": "conjunction",
      "orbit": 0.4031456580997883,
      "aspect_degrees": 0,
      "diff": 0.4031456580997883,
      "p1": 7,
      "p2": 7
    },
    {
      "p1_name": "Uranus",
      "p1_abs_pos": 348.22530769489896,
      "p2_name": "Mean_Lilith",
      "p2_abs_pos": 234.76136872146395,
      "aspect": "trine",
      "orbit": -6.536061026564994,
      "aspect_degrees": 120,
      "diff": 113.463938973435,
      "p1": 7,
      "p2": 17
    },
    {
      "p1_name": "Neptune",
      "p1_abs_pos": 322.0282605893963,
      "p2_name": "Mars",
      "p2_abs_pos": 87.17795376701147,
      "aspect": "trine",
      "orbit": 5.149693177615148,
      "aspect_degrees": 120,
      "diff": 234.85030682238485,
      "p1": 8,
      "p2": 4
    },
    {
      "p1_name": "Neptune",
      "p1_abs_pos": 322.0282605893963,
      "p2_name": "Neptune",
      "p2_abs_pos": 322.1828024013488,
      "aspect": "conjunction",
      "orbit": 0.15454181195246974,
      "aspect_degrees": 0,
      "diff": 0.15454181195246974,
      "p1": 8,
      "p2": 8
    },
    {
      "p1_name": "Neptune",
      "p1_abs_pos": 322.0282605893963,
      "p2_name": "Mean_Node",
      "p2_abs_pos": 327.51426553773126,
      "aspect": "conjunction",
      "orbit": 5.486004948334937,
      "aspect_degrees": 0,
      "diff": 5.486004948334937,
      "p1": 8,
      "p2": 10
    },
    {
      "p1_name": "Neptune",
      "p1_abs_pos": 322.0282605893963,
      "p2_name": "Chiron",
      "p2_abs_pos": 317.17659613305227,
      "aspect": "conjunction",
      "orbit": 4.851664456344054,
      "aspect_degrees": 0,
      "diff": 4.851664456344054,
      "p1": 8,
      "p2": 12
    },
    {
      "p1_name": "Neptune",
      "p1_abs_pos": 322.0282605893963,
      "p2_name": "Mean_Lilith",
      "p2_abs_pos": 234.76136872146395,
      "aspect": "square",
      "orbit": -2.7331081320676276,
      "aspect_degrees": 90,
      "diff": 87.26689186793237,
      "p1": 8,
      "p2": 17
    },
    {
      "p1_name": "Neptune",
      "p1_abs_pos": 322.0282605893963,
      "p2_name": "Mean_South_Node",
      "p2_abs_pos": 147.51426553773126,
      "aspect": "opposition",
      "orbit": -5.486004948334937,
      "aspect_degrees": 180,
      "diff": 174.51399505166506,
      "p1": 8,
      "p2": 18
    },
    {
      "p1_name": "Pluto",
      "p1_abs_pos": 268.3758479841183,
      "p2_name": "Sun",
      "p2_abs_pos": 334.1642061152819,
      "aspect": "sextile",
      "orbit": 5.788358131163591,
      "aspect_degrees": 60,
      "diff": 65.78835813116359,
      "p1": 9,
      "p2": 0
    },
    {
      "p1_name": "Pluto",
      "p1_abs_pos": 268.3758479841183,
      "p2_name": "Moon",
      "p2_abs_pos": 181.20335012042474,
      "aspect": "square",
      "orbit": -2.8275021363064354,
      "aspect_degrees": 90,
      "diff": 87.17249786369356,
      "p1": 9,
      "p2": 1
    },
    {
      "p1_name": "Pluto",
      "p1_abs_pos": 268.3758479841183,
      "p2_name": "Mars",
      "p2_abs_pos": 87.17795376701147,
      "aspect": "opposition",
      "orbit": -1.1978942171068354,
      "aspect_degrees": 180,
      "diff": 181.19789421710684,
      "p1": 9,
      "p2": 4
    },
    {
      "p1_name": "Pluto",
      "p1_abs_pos": 268.3758479841183,
      "p2_name": "Saturn",
      "p2_abs_pos": 155.24042846461413,
      "aspect": "trine",
      "orbit": -6.8645804804958175,
      "aspect_degrees": 120,
      "diff": 113.13541951950418,
      "p1": 9,
      "p2": 6
    },
    {
      "p1_name": "Pluto",
      "p1_abs_pos": 268.3758479841183,
      "p2_name": "Pluto",
      "p2_abs_pos": 270.74407068828526,
      "aspect": "conjunction",
      "orbit": 2.3682227041669535,
      "aspect_degrees": 0,
      "diff": 2.3682227041669535,
      "p1": 9,
      "p2": 9
    },
    {
      "p1_name": "Pluto",
      "p1_abs_pos": 268.3758479841183,
      "p2_name": "Mean_Node",
      "p2_abs_pos": 327.51426553773126,
      "aspect": "sextile",
      "orbit": -0.8615824463870467,
      "aspect_degrees": 60,
      "diff": 59.13841755361295,
      "p1": 9,
      "p2": 10
    },
    {
      "p1_name": "Pluto",
      "p1_abs_pos": 268.3758479841183,
      "p2_name": "Mean_South_Node",
      "p2_abs_pos": 147.51426553773126,
      "aspect": "trine",
      "orbit": 0.8615824463870467,
      "aspect_degrees": 120,
      "diff": 120.86158244638705,
      "p1": 9,
      "p2": 18
    },
    {
      "p1_name": "Mean_Node",
      "p1_abs_pos": 342.28451350062556,
      "p2_name": "Sun",
      "p2_abs_pos": 334.1642061152819,
      "aspect": "conjunction",
      "orbit": 8.120307385343665,
      "aspect_degrees": 0,
      "diff": 8.120307385343665,
      "p1": 10,
      "p2": 0
    },
    {
      "p1_name": "Mean_Node",
      "p1_abs_pos": 342.28451350062556,
      "p2_name": "Jupiter",
      "p2_abs_pos": 284.40572564363083,
      "aspect": "sextile",
      "orbit": -2.121212143005266,
      "aspect_degrees": 60,
      "diff": 57.878787856994734,
      "p1": 10,
      "p2": 5
    },
    {
      "p1_name": "Mean_Node",
      "p1_abs_pos": 342.28451350062556,
      "p2_name": "Saturn",
      "p2_abs_pos": 155.24042846461413,
      "aspect": "opposition",
      "orbit": -7.044085036011438,
      "aspect_degrees": 180,
      "diff": 187.04408503601144,
      "p1": 10,
      "p2": 6
    },
    {
      "p1_name": "Mean_Node",
      "p1_abs_pos": 342.28451350062556,
      "p2_name": "Uranus",
      "p2_abs_pos": 347.82216203679917,
      "aspect": "conjunction",
      "orbit": 5.537648536173606,
      "aspect_degrees": 0,
      "diff": 5.537648536173606,
      "p1": 10,
      "p2": 7
    },
    {
      "p1_name": "Mean_Node",
      "p1_abs_pos": 342.28451350062556,
      "p2_name": "Pluto",
      "p2_abs_pos": 270.74407068828526,
      "aspect": "quintile",
      "orbit": -0.4595571876596978,
      "aspect_degrees": 72,
      "diff": 71.5404428123403,
      "p1": 10,
      "p2": 9
    },
    {
      "p1_name": "Chiron",
      "p1_abs_pos": 315.6891427857122,
      "p2_name": "Mercury",
      "p2_abs_pos": 309.3026671956585,
      "aspect": "conjunction",
      "orbit": 6.386475590053692,
      "aspect_degrees": 0,
      "diff": 6.386475590053692,
      "p1": 12,
      "p2": 2
    },
    {
      "p1_name": "Chiron",
      "p1_abs_pos": 315.6891427857122,
      "p2_name": "Venus",
      "p2_abs_pos": 307.0851559693991,
      "aspect": "conjunction",
      "orbit": 8.603986816313068,
      "aspect_degrees": 0,
      "diff": 8.603986816313068,
      "p1": 12,
      "p2": 3
    },
    {
      "p1_name": "Chiron",
      "p1_abs_pos": 315.6891427857122,
      "p2_name": "Neptune",
      "p2_abs_pos": 322.1828024013488,
      "aspect": "conjunction",
      "orbit": 6.493659615636602,
      "aspect_degrees": 0,
      "diff": 6.493659615636602,
      "p1": 12,
      "p2": 8
    },
    {
      "p1_name": "Chiron",
      "p1_abs_pos": 315.6891427857122,
      "p2_name": "Chiron",
      "p2_abs_pos": 317.17659613305227,
      "aspect": "conjunction",
      "orbit": 1.4874533473400788,
      "aspect_degrees": 0,
      "diff": 1.4874533473400788,
      "p1": 12,
      "p2": 12
    },
    {
      "p1_name": "Ascendant",
      "p1_abs_pos": 147.31801982412455,
      "p2_name": "Mars",
      "p2_abs_pos": 87.17795376701147,
      "aspect": "sextile",
      "orbit": 0.1400660571130743,
      "aspect_degrees": 60,
      "diff": 60.140066057113074,
      "p1": 13,
      "p2": 4
    },
    {
      "p1_name": "Ascendant",
      "p1_abs_pos": 147.31801982412455,
      "p2_name": "Mean_Node",
      "p2_abs_pos": 327.51426553773126,
      "aspect": "opposition",
      "orbit": -0.1962457136067144,
      "aspect_degrees": 180,
      "diff": 180.19624571360671,
      "p1": 13,
      "p2": 10
    },
    {
      "p1_name": "Ascendant",
      "p1_abs_pos": 147.31801982412455,
      "p2_name": "Mean_South_Node",
      "p2_abs_pos": 147.51426553773126,
      "aspect": "conjunction",
      "orbit": 0.19624571360668597,
      "aspect_degrees": 0,
      "diff": 0.1962457136067144,
      "p1": 13,
      "p2": 18
    },
    {
      "p1_name": "Medium_Coeli",
      "p1_abs_pos": 45.94463272851049,
      "p2_name": "Sun",
      "p2_abs_pos": 334.1642061152819,
      "aspect": "quintile",
      "orbit": -0.21957338677140115,
      "aspect_degrees": 72,
      "diff": 288.2195733867714,
      "p1": 14,
      "p2": 0
    },
    {
      "p1_name": "Mean_Lilith",
      "p1_abs_pos": 203.57913457602078,
      "p2_name": "Mars",
      "p2_abs_pos": 87.17795376701147,
      "aspect": "trine",
      "orbit": -3.598819190990696,
      "aspect_degrees": 120,
      "diff": 116.4011808090093,
      "p1": 17,
      "p2": 4
    },
    {
      "p1_name": "Mean_Lilith",
      "p1_abs_pos": 203.57913457602078,
      "p2_name": "Neptune",
      "p2_abs_pos": 322.1828024013488,
      "aspect": "trine",
      "orbit": -1.3963321746719828,
      "aspect_degrees": 120,
      "diff": 118.60366782532802,
      "p1": 17,
      "p2": 8
    },
    {
      "p1_name": "Mean_Lilith",
      "p1_abs_pos": 203.57913457602078,
      "p2_name": "Mean_Node",
      "p2_abs_pos": 327.51426553773126,
      "aspect": "trine",
      "orbit": 3.9351309617104846,
      "aspect_degrees": 120,
      "diff": 123.93513096171048,
      "p1": 17,
      "p2": 10
    },
    {
      "p1_name": "Mean_Lilith",
      "p1_abs_pos": 203.57913457602078,
      "p2_name": "Chiron",
      "p2_abs_pos": 317.17659613305227,
      "aspect": "trine",
      "orbit": -6.402538442968506,
      "aspect_degrees": 120,
      "diff": 113.5974615570315,
      "p1": 17,
      "p2": 12
    },
    {
      "p1_name": "Mean_Lilith",
      "p1_abs_pos": 203.57913457602078,
      "p2_name": "Mean_South_Node",
      "p2_abs_pos": 147.51426553773126,
      "aspect": "sextile",
      "orbit": -3.9351309617104846,
      "aspect_degrees": 60,
      "diff": 56.064869038289515,
      "p1": 17,
      "p2": 18
    },
    {
      "p1_name": "Mean_South_Node",
      "p1_abs_pos": 162.2845135006255,
      "p2_name": "Sun",
      "p2_abs_pos": 334.1642061152819,
      "aspect": "opposition",
      "orbit": -8.120307385343608,
      "aspect_degrees": 180,
      "diff": 171.8796926146564,
      "p1": 18,
      "p2": 0
    },
    {
      "p1_name": "Mean_South_Node",
      "p1_abs_pos": 162.2845135006255,
      "p2_name": "Jupiter",
      "p2_abs_pos": 284.40572564363083,
      "aspect": "trine",
      "orbit": 2.121212143005323,
      "aspect_degrees": 120,
      "diff": 122.12121214300532,
      "p1": 18,
      "p2": 5
    },
    {
      "p1_name": "Mean_South_Node",
      "p1_abs_pos": 162.2845135006255,
      "p2_name": "Saturn",
      "p2_abs_pos": 155.24042846461413,
      "aspect": "conjunction",
      "orbit": 7.044085036011381,
      "aspect_degrees": 0,
      "diff": 7.044085036011381,
      "p1": 18,
      "p2": 6
    },
    {
      "p1_name": "Mean_South_Node",
      "p1_abs_pos": 162.2845135006255,
      "p2_name": "Uranus",
      "p2_abs_pos": 347.82216203679917,
      "aspect": "opposition",
      "orbit": -5.537648536173663,
      "aspect_degrees": 180,
      "diff": 185.53764853617366,
      "p1": 18,
      "p2": 7
    },
    {
      "p1_name": "Mean_South_Node",
      "p1_abs_pos": 162.2845135006255,
      "p2_name": "Mean_Lilith",
      "p2_abs_pos": 234.76136872146395,
      "aspect": "quintile",
      "orbit": 0.4768552208384449,
      "aspect_degrees": 72,
      "diff": 72.47685522083844,
      "p1": 18,
      "p2": 17
    }
  ],
  "data": {
    "first_subject": {
      "name": "Danylo",
      "year": 2007,
      "month": 5,
      "day": 20,
      "hour": 12,
      "minute": 3,
      "city": "London",
      "nation": "GB",
      "lng": 0,
      "lat": 51.4825766,
      "tz_str": "Europe/London",
      "zodiac_type": "Tropic",
      "sidereal_mode": null,
      "houses_system_identifier": "P",
      "houses_system_name": "Placidus",
      "perspective_type": "Apparent Geocentric",
      "iso_formatted_local_datetime": "2007-05-20T12:03:00+01:00",
      "iso_formatted_utc_datetime": "2007-05-20T11:03:00+00:00",
      "julian_day": 2454240.9604166667,
      "utc_time": 11.05,
      "local_time": 12.05,
      "sun": {
        "name": "Sun",
        "quality": "Fixed",
        "element": "Earth",
        "sign": "Tau",
        "sign_num": 1,
        "position": 29.070795463353683,
        "abs_pos": 59.07079546335368,
        "emoji": "♉️",
        "point_type": "Planet",
        "house": "Tenth_House",
        "retrograde": false
      },
      "moon": {
        "name": "Moon",
        "quality": "Cardinal",
        "element": "Water",
        "sign": "Can",
        "sign_num": 3,
        "position": 18.283370295756825,
        "abs_pos": 108.28337029575682,
        "emoji": "♋️",
        "point_type": "Planet",
        "house": "Eleventh_House",
        "retrograde": false
      },
      "mercury": {
        "name": "Mercury",
        "quality": "Mutable",
        "element": "Air",
        "sign": "Gem",
        "sign_num": 2,
        "position": 17.364938290806975,
        "abs_pos": 77.36493829080698,
        "emoji": "♊️",
        "point_type": "Planet",
        "house": "Tenth_House",
        "retrograde": false
      },
      "venus": {
        "name": "Venus",
        "quality": "Cardinal",
        "element": "Water",
        "sign": "Can",
        "sign_num": 3,
        "position": 13.248663959012418,
        "abs_pos": 103.24866395901242,
        "emoji": "♋️",
        "point_type": "Planet",
        "house": "Eleventh_House",
        "retrograde": false
      },
      "mars": {
        "name": "Mars",
        "quality": "Cardinal",
        "element": "Fire",
        "sign": "Ari",
        "sign_num": 0,
        "position": 3.691776731379741,
        "abs_pos": 3.691776731379741,
        "emoji": "♈️",
        "point_type": "Planet",
        "house": "Eighth_House",
        "retrograde": false
      },
      "jupiter": {
        "name": "Jupiter",
        "quality": "Mutable",
        "element": "Fire",
        "sign": "Sag",
        "sign_num": 8,
        "position": 16.944596395135363,
        "abs_pos": 256.94459639513536,
        "emoji": "♐️",
        "point_type": "Planet",
        "house": "Fourth_House",
        "retrograde": true
      },
      "saturn": {
        "name": "Saturn",
        "quality": "Fixed",
        "element": "Fire",
        "sign": "Leo",
        "sign_num": 4,
        "position": 18.974850282396602,
        "abs_pos": 138.9748502823966,
        "emoji": "♌️",
        "point_type": "Planet",
        "house": "Twelfth_House",
        "retrograde": false
      },
      "uranus": {
        "name": "Uranus",
        "quality": "Mutable",
        "element": "Water",
        "sign": "Pis",
        "sign_num": 11,
        "position": 18.22530769489896,
        "abs_pos": 348.22530769489896,
        "emoji": "♓️",
        "point_type": "Planet",
        "house": "Eighth_House",
        "retrograde": false
      },
      "neptune": {
        "name": "Neptune",
        "quality": "Fixed",
        "element": "Air",
        "sign": "Aqu",
        "sign_num": 10,
        "position": 22.028260589396325,
        "abs_pos": 322.0282605893963,
        "emoji": "♒️",
        "point_type": "Planet",
        "house": "Sixth_House",
        "retrograde": false
      },
      "pluto": {
        "name": "Pluto",
        "quality": "Mutable",
        "element": "Fire",
        "sign": "Sag",
        "sign_num": 8,
        "position": 28.37584798411831,
        "abs_pos": 268.3758479841183,
        "emoji": "♐️",
        "point_type": "Planet",
        "house": "Fifth_House",
        "retrograde": true
      },
      "ascendant": {
        "name": "Ascendant",
        "quality": "Fixed",
        "element": "Fire",
        "sign": "Leo",
        "sign_num": 4,
        "position": 27.318019824124548,
        "abs_pos": 147.31801982412455,
        "emoji": "♌️",
        "point_type": "AxialCusps",
        "house": "First_House",
        "retrograde": false
      },
      "descendant": {
        "name": "Descendant",
        "quality": "Fixed",
        "element": "Air",
        "sign": "Aqu",
        "sign_num": 10,
        "position": 27.318019824124576,
        "abs_pos": 327.3180198241246,
        "emoji": "♒️",
        "point_type": "AxialCusps",
        "house": "Seventh_House",
        "retrograde": false
      },
      "medium_coeli": {
        "name": "Medium_Coeli",
        "quality": "Fixed",
        "element": "Earth",
        "sign": "Tau",
        "sign_num": 1,
        "position": 15.944632728510491,
        "abs_pos": 45.94463272851049,
        "emoji": "♉️",
        "point_type": "AxialCusps",
        "house": "Tenth_House",
        "retrograde": false
      },
      "imum_coeli": {
        "name": "Imum_Coeli",
        "quality": "Fixed",
        "element": "Water",
        "sign": "Sco",
        "sign_num": 7,
        "position": 15.944632728510499,
        "abs_pos": 225.9446327285105,
        "emoji": "♏️",
        "point_type": "AxialCusps",
        "house": "Fourth_House",
        "retrograde": false
      },
      "chiron": {
        "name": "Chiron",
        "quality": "Fixed",
        "element": "Air",
        "sign": "Aqu",
        "sign_num": 10,
        "position": 15.689142785712193,
        "abs_pos": 315.6891427857122,
        "emoji": "♒️",
        "point_type": "Planet",
        "house": "Sixth_House",
        "retrograde": false
      },
      "mean_lilith": {
        "name": "Mean_Lilith",
        "quality": "Cardinal",
        "element": "Air",
        "sign": "Lib",
        "sign_num": 6,
        "position": 23.579134576020778,
        "abs_pos": 203.57913457602078,
        "emoji": "♎️",
        "point_type": "Planet",
        "house": "Third_House",
        "retrograde": false
      },
      "first_house": {
        "name": "First_House",
        "quality": "Fixed",
        "element": "Fire",
        "sign": "Leo",
        "sign_num": 4,
        "position": 27.318019824124548,
        "abs_pos": 147.31801982412455,
        "emoji": "♌️",
        "point_type": "House",
        "house": null,
        "retrograde": null
      },
      "second_house": {
        "name": "Second_House",
        "quality": "Mutable",
        "element": "Earth",
        "sign": "Vir",
        "sign_num": 5,
        "position": 16.807520907688428,
        "abs_pos": 166.80752090768843,
        "emoji": "♍️",
        "point_type": "House",
        "house": null,
        "retrograde": null
      },
      "third_house": {
        "name": "Third_House",
        "quality": "Cardinal",
        "element": "Air",
        "sign": "Lib",
        "sign_num": 6,
        "position": 12.411152229715753,
        "abs_pos": 192.41115222971575,
        "emoji": "♎️",
        "point_type": "House",
        "house": null,
        "retrograde": null
      },
      "fourth_house": {
        "name": "Fourth_House",
        "quality": "Fixed",
        "element": "Water",
        "sign": "Sco",
        "sign_num": 7,
        "position": 15.944632728510499,
        "abs_pos": 225.9446327285105,
        "emoji": "♏️",
        "point_type": "House",
        "house": null,
        "retrograde": null
      },
      "fifth_house": {
        "name": "Fifth_House",
        "quality": "Mutable",
        "element": "Fire",
        "sign": "Sag",
        "sign_num": 8,
        "position": 24.87954851970585,
        "abs_pos": 264.87954851970585,
        "emoji": "♐️",
        "point_type": "House",
        "house": null,
        "retrograde": null
      },
      "sixth_house": {
        "name": "Sixth_House",
        "quality": "Cardinal",
        "element": "Earth",
        "sign": "Cap",
        "sign_num": 9,
        "position": 29.684356044365927,
        "abs_pos": 299.6843560443659,
        "emoji": "♑️",
        "point_type": "House",
        "house": null,
        "retrograde": null
      },
      "seventh_house": {
        "name": "Seventh_House",
        "quality": "Fixed",
        "element": "Air",
        "sign": "Aqu",
        "sign_num": 10,
        "position": 27.318019824124576,
        "abs_pos": 327.3180198241246,
        "emoji": "♒️",
        "point_type": "House",
        "house": null,
        "retrograde": null
      },
      "eighth_house": {
        "name": "Eighth_House",
        "quality": "Mutable",
        "element": "Water",
        "sign": "Pis",
        "sign_num": 11,
        "position": 16.8075209076884,
        "abs_pos": 346.8075209076884,
        "emoji": "♓️",
        "point_type": "House",
        "house": null,
        "retrograde": null
      },
      "ninth_house": {
        "name": "Ninth_House",
        "quality": "Cardinal",
        "element": "Fire",
        "sign": "Ari",
        "sign_num": 0,
        "position": 12.411152229715753,
        "abs_pos": 12.411152229715753,
        "emoji": "♈️",
        "point_type": "House",
        "house": null,
        "retrograde": null
      },
      "tenth_house": {
        "name": "Tenth_House",
        "quality": "Fixed",
        "element": "Earth",
        "sign": "Tau",
        "sign_num": 1,
        "position": 15.944632728510491,
        "abs_pos": 45.94463272851049,
        "emoji": "♉️",
        "point_type": "House",
        "house": null,
        "retrograde": null
      },
      "eleventh_house": {
        "name": "Eleventh_House",
        "quality": "Mutable",
        "element": "Air",
        "sign": "Gem",
        "sign_num": 2,
        "position": 24.87954851970585,
        "abs_pos": 84.87954851970585,
        "emoji": "♊️",
        "point_type": "House",
        "house": null,
        "retrograde": null
      },
      "twelfth_house": {
        "name": "Twelfth_House",
        "quality": "Cardinal",
        "element": "Water",
        "sign": "Can",
        "sign_num": 3,
        "position": 29.684356044365956,
        "abs_pos": 119.68435604436596,
        "emoji": "♋️",
        "point_type": "House",
        "house": null,
        "retrograde": null
      },
      "mean_node": {
        "name": "Mean_Node",
        "quality": "Mutable",
        "element": "Water",
        "sign": "Pis",
        "sign_num": 11,
        "position": 12.284513500625565,
        "abs_pos": 342.28451350062556,
        "emoji": "♓️",
        "point_type": "Planet",
        "house": "Seventh_House",
        "retrograde": true
      },
      "true_node": {
        "name": "True_Node",
        "quality": "Mutable",
        "element": "Water",
        "sign": "Pis",
        "sign_num": 11,
        "position": 12.745600220707786,
        "abs_pos": 342.7456002207078,
        "emoji": "♓️",
        "point_type": "Planet",
        "house": "Seventh_House",
        "retrograde": true
      },
      "mean_south_node": {
        "name": "Mean_South_Node",
        "quality": "Mutable",
        "element": "Earth",
        "sign": "Vir",
        "sign_num": 5,
        "position": 12.284513500625508,
        "abs_pos": 162.2845135006255,
        "emoji": "♍️",
        "point_type": "Planet",
        "house": "First_House",
        "retrograde": true
      },
      "true_south_node": {
        "name": "True_South_Node",
        "quality": "Mutable",
        "element": "Earth",
        "sign": "Vir",
        "sign_num": 5,
        "position": 12.745600220707729,
        "abs_pos": 162.74560022070773,
        "emoji": "♍️",
        "point_type": "Planet",
        "house": "First_House",
        "retrograde": true
      },
      "planets_names_list": [
        "Sun",
        "Moon",
        "Mercury",
        "Venus",
        "Mars",
        "Jupiter",
        "Saturn",
        "Uranus",
        "Neptune",
        "Pluto",
        "Mean_Node",
        "True_Node",
        "Mean_South_Node",
        "True_South_Node",
        "Chiron",
        "Mean_Lilith"
      ],
      "axial_cusps_names_list": [
        "Ascendant",
        "Descendant",
        "Medium_Coeli",
        "Imum_Coeli"
      ],
      "houses_names_list": [
        "First_House",
        "Second_House",
        "Third_House",
        "Fourth_House",
        "Fifth_House",
        "Sixth_House",
        "Seventh_House",
        "Eighth_House",
        "Ninth_House",
        "Tenth_House",
        "Eleventh_House",
        "Twelfth_House"
      ],
      "lunar_phase": {
        "degrees_between_s_m": 49.21257483240314,
        "moon_phase": 4,
        "sun_phase": 3,
        "moon_emoji": "🌒",
        "moon_phase_name": "Waxing Crescent"
      }
    },
    "second_subject": {
      "name": "Nastia",
      "year": 2008,
      "month": 2,
      "day": 23,
      "hour": 10,
      "minute": 3,
      "city": "London",
      "nation": "GB",
      "lng": 0,
      "lat": 51.4825766,
      "tz_str": "Europe/London",
      "zodiac_type": "Tropic",
      "sidereal_mode": null,
      "houses_system_identifier": "P",
      "houses_system_name": "Placidus",
      "perspective_type": "Apparent Geocentric",
      "iso_formatted_local_datetime": "2008-02-23T10:03:00+00:00",
      "iso_formatted_utc_datetime": "2008-02-23T10:03:00+00:00",
      "julian_day": 2454519.91875,
      "utc_time": 10.05,
      "local_time": 10.05,
      "sun": {
        "name": "Sun",
        "quality": "Mutable",
        "element": "Water",
        "sign": "Pis",
        "sign_num": 11,
        "position": 4.1642061152819,
        "abs_pos": 334.1642061152819,
        "emoji": "♓️",
        "point_type": "Planet",
        "house": "Eleventh_House",
        "retrograde": false
      },
      "moon": {
        "name": "Moon",
        "quality": "Cardinal",
        "element": "Air",
        "sign": "Lib",
        "sign_num": 6,
        "position": 1.2033501204247443,
        "abs_pos": 181.20335012042474,
        "emoji": "♎️",
        "point_type": "Planet",
        "house": "Fifth_House",
        "retrograde": false
      },
      "mercury": {
        "name": "Mercury",
        "quality": "Fixed",
        "element": "Air",
        "sign": "Aqu",
        "sign_num": 10,
        "position": 9.3026671956585,
        "abs_pos": 309.3026671956585,
        "emoji": "♒️",
        "point_type": "Planet",
        "house": "Tenth_House",
        "retrograde": false
      },
      "venus": {
        "name": "Venus",
        "quality": "Fixed",
        "element": "Air",
        "sign": "Aqu",
        "sign_num": 10,
        "position": 7.085155969399125,
        "abs_pos": 307.0851559693991,
        "emoji": "♒️",
        "point_type": "Planet",
        "house": "Tenth_House",
        "retrograde": false
      },
      "mars": {
        "name": "Mars",
        "quality": "Mutable",
        "element": "Air",
        "sign": "Gem",
        "sign_num": 2,
        "position": 27.177953767011473,
        "abs_pos": 87.17795376701147,
        "emoji": "♊️",
        "point_type": "Planet",
        "house": "Second_House",
        "retrograde": false
      },
      "jupiter": {
        "name": "Jupiter",
        "quality": "Cardinal",
        "element": "Earth",
        "sign": "Cap",
        "sign_num": 9,
        "position": 14.40572564363083,
        "abs_pos": 284.40572564363083,
        "emoji": "♑️",
        "point_type": "Planet",
        "house": "Ninth_House",
        "retrograde": false
      },
      "saturn": {
        "name": "Saturn",
        "quality": "Mutable",
        "element": "Earth",
        "sign": "Vir",
        "sign_num": 5,
        "position": 5.240428464614126,
        "abs_pos": 155.24042846461413,
        "emoji": "♍️",
        "point_type": "Planet",
        "house": "Fifth_House",
        "retrograde": true
      },
      "uranus": {
        "name": "Uranus",
        "quality": "Mutable",
        "element": "Water",
        "sign": "Pis",
        "sign_num": 11,
        "position": 17.82216203679917,
        "abs_pos": 347.82216203679917,
        "emoji": "♓️",
        "point_type": "Planet",
        "house": "Eleventh_House",
        "retrograde": false
      },
      "neptune": {
        "name": "Neptune",
        "quality": "Fixed",
        "element": "Air",
        "sign": "Aqu",
        "sign_num": 10,
        "position": 22.182802401348795,
        "abs_pos": 322.1828024013488,
        "emoji": "♒️",
        "point_type": "Planet",
        "house": "Tenth_House",
        "retrograde": false
      },
      "pluto": {
        "name": "Pluto",
        "quality": "Cardinal",
        "element": "Earth",
        "sign": "Cap",
        "sign_num": 9,
        "position": 0.7440706882852623,
        "abs_pos": 270.74407068828526,
        "emoji": "♑️",
        "point_type": "Planet",
        "house": "Eighth_House",
        "retrograde": false
      },
      "ascendant": {
        "name": "Ascendant",
        "quality": "Mutable",
        "element": "Air",
        "sign": "Gem",
        "sign_num": 2,
        "position": 4.241213154244193,
        "abs_pos": 64.24121315424419,
        "emoji": "♊️",
        "point_type": "AxialCusps",
        "house": "First_House",
        "retrograde": false
      },
      "descendant": {
        "name": "Descendant",
        "quality": "Mutable",
        "element": "Fire",
        "sign": "Sag",
        "sign_num": 8,
        "position": 4.241213154244178,
        "abs_pos": 244.24121315424418,
        "emoji": "♐️",
        "point_type": "AxialCusps",
        "house": "Seventh_House",
        "retrograde": false
      },
      "medium_coeli": {
        "name": "Medium_Coeli",
        "quality": "Fixed",
        "element": "Air",
        "sign": "Aqu",
        "sign_num": 10,
        "position": 1.205190344664004,
        "abs_pos": 301.205190344664,
        "emoji": "♒️",
        "point_type": "AxialCusps",
        "house": "Tenth_House",
        "retrograde": false
      },
      "imum_coeli": {
        "name": "Imum_Coeli",
        "quality": "Fixed",
        "element": "Fire",
        "sign": "Leo",
        "sign_num": 4,
        "position": 1.205190344664004,
        "abs_pos": 121.205190344664,
        "emoji": "♌️",
        "point_type": "AxialCusps",
        "house": "Fourth_House",
        "retrograde": false
      },
      "chiron": {
        "name": "Chiron",
        "quality": "Fixed",
        "element": "Air",
        "sign": "Aqu",
        "sign_num": 10,
        "position": 17.17659613305227,
        "abs_pos": 317.17659613305227,
        "emoji": "♒️",
        "point_type": "Planet",
        "house": "Tenth_House",
        "retrograde": false
      },
      "mean_lilith": {
        "name": "Mean_Lilith",
        "quality": "Fixed",
        "element": "Water",
        "sign": "Sco",
        "sign_num": 7,
        "position": 24.761368721463953,
        "abs_pos": 234.76136872146395,
        "emoji": "♏️",
        "point_type": "Planet",
        "house": "Sixth_House",
        "retrograde": false
      },
      "first_house": {
        "name": "First_House",
        "quality": "Mutable",
        "element": "Air",
        "sign": "Gem",
        "sign_num": 2,
        "position": 4.241213154244193,
        "abs_pos": 64.24121315424419,
        "emoji": "♊️",
        "point_type": "House",
        "house": null,
        "retrograde": null
      },
      "second_house": {
        "name": "Second_House",
        "quality": "Mutable",
        "element": "Air",
        "sign": "Gem",
        "sign_num": 2,
        "position": 25.739071333588058,
        "abs_pos": 85.73907133358806,
        "emoji": "♊️",
        "point_type": "House",
        "house": null,
        "retrograde": null
      },
      "third_house": {
        "name": "Third_House",
        "quality": "Cardinal",
        "element": "Water",
        "sign": "Can",
        "sign_num": 3,
        "position": 12.946595314770718,
        "abs_pos": 102.94659531477072,
        "emoji": "♋️",
        "point_type": "House",
        "house": null,
        "retrograde": null
      },
      "fourth_house": {
        "name": "Fourth_House",
        "quality": "Fixed",
        "element": "Fire",
        "sign": "Leo",
        "sign_num": 4,
        "position": 1.205190344664004,
        "abs_pos": 121.205190344664,
        "emoji": "♌️",
        "point_type": "House",
        "house": null,
        "retrograde": null
      },
      "fifth_house": {
        "name": "Fifth_House",
        "quality": "Fixed",
        "element": "Fire",
        "sign": "Leo",
        "sign_num": 4,
        "position": 25.546441301923437,
        "abs_pos": 145.54644130192344,
        "emoji": "♌️",
        "point_type": "House",
        "house": null,
        "retrograde": null
      },
      "sixth_house": {
        "name": "Sixth_House",
        "quality": "Cardinal",
        "element": "Air",
        "sign": "Lib",
        "sign_num": 6,
        "position": 5.870677781165597,
        "abs_pos": 185.8706777811656,
        "emoji": "♎️",
        "point_type": "House",
        "house": null,
        "retrograde": null
      },
      "seventh_house": {
        "name": "Seventh_House",
        "quality": "Mutable",
        "element": "Fire",
        "sign": "Sag",
        "sign_num": 8,
        "position": 4.241213154244178,
        "abs_pos": 244.24121315424418,
        "emoji": "♐️",
        "point_type": "House",
        "house": null,
        "retrograde": null
      },
      "eighth_house": {
        "name": "Eighth_House",
        "quality": "Mutable",
        "element": "Fire",
        "sign": "Sag",
        "sign_num": 8,
        "position": 25.739071333588072,
        "abs_pos": 265.7390713335881,
        "emoji": "♐️",
        "point_type": "House",
        "house": null,
        "retrograde": null
      },
      "ninth_house": {
        "name": "Ninth_House",
        "quality": "Cardinal",
        "element": "Earth",
        "sign": "Cap",
        "sign_num": 9,
        "position": 12.946595314770718,
        "abs_pos": 282.9465953147707,
        "emoji": "♑️",
        "point_type": "House",
        "house": null,
        "retrograde": null
      },
      "tenth_house": {
        "name": "Tenth_House",
        "quality": "Fixed",
        "element": "Air",
        "sign": "Aqu",
        "sign_num": 10,
        "position": 1.205190344664004,
        "abs_pos": 301.205190344664,
        "emoji": "♒️",
        "point_type": "House",
        "house": null,
        "retrograde": null
      },
      "eleventh_house": {
        "name": "Eleventh_House",
        "quality": "Fixed",
        "element": "Air",
        "sign": "Aqu",
        "sign_num": 10,
        "position": 25.546441301923437,
        "abs_pos": 325.54644130192344,
        "emoji": "♒️",
        "point_type": "House",
        "house": null,
        "retrograde": null
      },
      "twelfth_house": {
        "name": "Twelfth_House",
        "quality": "Cardinal",
        "element": "Fire",
        "sign": "Ari",
        "sign_num": 0,
        "position": 5.870677781165597,
        "abs_pos": 5.870677781165597,
        "emoji": "♈️",
        "point_type": "House",
        "house": null,
        "retrograde": null
      },
      "mean_node": {
        "name": "Mean_Node",
        "quality": "Fixed",
        "element": "Air",
        "sign": "Aqu",
        "sign_num": 10,
        "position": 27.514265537731262,
        "abs_pos": 327.51426553773126,
        "emoji": "♒️",
        "point_type": "Planet",
        "house": "Eleventh_House",
        "retrograde": true
      },
      "true_node": {
        "name": "True_Node",
        "quality": "Fixed",
        "element": "Air",
        "sign": "Aqu",
        "sign_num": 10,
        "position": 27.721726475381786,
        "abs_pos": 327.7217264753818,
        "emoji": "♒️",
        "point_type": "Planet",
        "house": "Eleventh_House",
        "retrograde": true
      },
      "mean_south_node": {
        "name": "Mean_South_Node",
        "quality": "Fixed",
        "element": "Fire",
        "sign": "Leo",
        "sign_num": 4,
        "position": 27.514265537731262,
        "abs_pos": 147.51426553773126,
        "emoji": "♌️",
        "point_type": "Planet",
        "house": "Fifth_House",
        "retrograde": true
      },
      "true_south_node": {
        "name": "True_South_Node",
        "quality": "Fixed",
        "element": "Fire",
        "sign": "Leo",
        "sign_num": 4,
        "position": 27.721726475381786,
        "abs_pos": 147.7217264753818,
        "emoji": "♌️",
        "point_type": "Planet",
        "house": "Fifth_House",
        "retrograde": true
      },
      "planets_names_list": [
        "Sun",
        "Moon",
        "Mercury",
        "Venus",
        "Mars",
        "Jupiter",
        "Saturn",
        "Uranus",
        "Neptune",
        "Pluto",
        "Mean_Node",
        "True_Node",
        "Mean_South_Node",
        "True_South_Node",
        "Chiron",
        "Mean_Lilith"
      ],
      "axial_cusps_names_list": [
        "Ascendant",
        "Descendant",
        "Medium_Coeli",
        "Imum_Coeli"
      ],
      "houses_names_list": [
        "First_House",
        "Second_House",
        "Third_House",
        "Fourth_House",
        "Fifth_House",
        "Sixth_House",
        "Seventh_House",
        "Eighth_House",
        "Ninth_House",
        "Tenth_House",
        "Eleventh_House",
        "Twelfth_House"
      ],
      "lunar_phase": {
        "degrees_between_s_m": 207.03914400514284,
        "moon_phase": 17,
        "sun_phase": 15,
        "moon_emoji": "🌖",
        "moon_phase_name": "Waning Gibbous"
      }
    }
  }
}